Sale ID,Receipt Number,Date,Cashier,Branch,Meal,Dish,Product,Quantity,Price,Subtotal,Total Amount,Tax,Amount Paid,Change,Cash Type,Staff
67820,66182,2025-08-21,faith@techcity.co.zw,,,Pepsi coke,1,0.5,0.5,0.5,0.08,0.5,0.0,solid-cash,False
67821,66183,2025-08-21,faith@techcity.co.zw,,Small Chips,,2,1.0,2.0,2.0,0.3,2.0,0.0,solid-cash,False
67822,66184,2025-08-21,faith@techcity.co.zw,,Chicken Burger,,1,2.0,2.0,7.0,1.05,20.0,3.0,solid-cash,False
67822,66184,2025-08-21,faith@techcity.co.zw,,Beef Burger BB,,1,1.0,1.0,7.0,1.05,20.0,3.0,solid-cash,False
67822,66184,2025-08-21,faith@techcity.co.zw,,Small Chips,,2,1.0,2.0,7.0,1.05,20.0,3.0,solid-cash,False
67822,66184,2025-08-21,faith@techcity.co.zw,,,Fruta,2,1.0,2.0,7.0,1.05,20.0,3.0,solid-cash,False
67823,66185,2025-08-21,faith@techcity.co.zw,Goat Meat & Sadza,,,1,2.0,2.0,2.5,0.38,5.5,3.0,solid-cash,False
67823,66185,2025-08-21,faith@techcity.co.zw,,,Water,1,0.5,0.5,2.5,0.38,5.5,3.0,solid-cash,False
67824,66186,2025-08-21,faith@techcity.co.zw,Pork Stew & Rice,,,1,2.0,2.0,2.0,0.3,20.0,8.0,solid-cash,False
67825,66187,2025-08-21,faith@techcity.co.zw,Chicken Stew & Sadza,,,1,2.0,2.0,2.0,0.3,2.0,0.0,solid-cash,False
67826,66188,2025-08-21,faith@techcity.co.zw,,Small Chips,,1,1.0,1.0,1.0,0.15,1.0,0.0,solid-cash,False
67827,66189,2025-08-21,faith@techcity.co.zw,,,Water,2,0.5,1.0,3.0,0.45,3.0,0.0,solid-cash,False
67827,66189,2025-08-21,faith@techcity.co.zw,Chicken Stew & Sadza,,,1,2.0,2.0,3.0,0.45,3.0,0.0,solid-cash,False
67828,66190,2025-08-21,faith@techcity.co.zw,,Small Chips,,6,1.0,6.0,8.0,1.2,20.0,0.0,solid-cash,False
67828,66190,2025-08-21,faith@techcity.co.zw,Chicken Stew & Sadza,,,1,2.0,2.0,8.0,1.2,20.0,0.0,solid-cash,False
67829,66191,2025-08-21,faith@techcity.co.zw,,Small Chips,,1,1.0,1.0,3.0,0.45,10.0,7.0,solid-cash,False
67829,66191,2025-08-21,faith@techcity.co.zw,,Chicken Burger,,1,2.0,2.0,3.0,0.45,10.0,7.0,solid-cash,False
67830,66192,2025-08-21,faith@techcity.co.zw,,Beef Burger BB,,1,1.0,1.0,2.0,0.3,2.0,0.0,solid-cash,False
67830,66192,2025-08-21,faith@techcity.co.zw,,Hot Dog,,1,1.0,1.0,2.0,0.3,2.0,0.0,solid-cash,False
67831,66193,2025-08-21,faith@techcity.co.zw,Goat Meat & Sadza,,,1,2.0,2.0,2.0,0.3,10.0,8.0,solid-cash,False
67832,66194,2025-08-21,faith@techcity.co.zw,,Small Chips,,1,1.0,1.0,1.0,0.15,1.0,0.0,solid-cash,False
67833,66195,2025-08-21,faith@techcity.co.zw,,Sadza,,1,0.5,0.5,0.5,0.08,0.5,0.0,solid-cash,False
67834,66196,2025-08-21,faith@techcity.co.zw,,Small Chips,,1,1.0,1.0,1.0,0.15,1.0,0.0,solid-cash,False
67835,66197,2025-08-21,faith@techcity.co.zw,,Beef Burger BB,,1,1.0,1.0,1.0,0.15,1.0,0.0,solid-cash,False
67836,66198,2025-08-21,faith@techcity.co.zw,,Beef Burger BB,,1,1.0,1.0,1.0,0.15,1.0,0.0,solid-cash,False
67837,66199,2025-08-21,faith@techcity.co.zw,,Beef Burger BB,,2,1.0,2.0,3.0,0.45,10.0,5.0,solid-cash,False
67837,66199,2025-08-21,faith@techcity.co.zw,,Small Chips,,1,1.0,1.0,3.0,0.45,10.0,5.0,solid-cash,False
67838,66200,2025-08-21,faith@techcity.co.zw,Crumbed Chicken & Chips,,,1,3.0,3.0,3.0,0.45,3.0,0.0,solid-cash,False
67839,66201,2025-08-21,faith@techcity.co.zw,,Beef Burger BB,,1,1.0,1.0,1.0,0.15,1.0,0.0,solid-cash,False
67840,66202,2025-08-21,faith@techcity.co.zw,,Plain Rice ($),,1,1.0,1.0,1.0,0.15,1.0,0.0,solid-cash,False
67841,66203,2025-08-21,faith@techcity.co.zw,Goat Meat & Sadza,,,1,2.0,2.0,2.0,0.3,2.0,0.0,solid-cash,False
67842,66204,2025-08-21,faith@techcity.co.zw,,Beef Burger BB,,1,1.0,1.0,2.0,0.3,2.0,0.0,solid-cash,False
67842,66204,2025-08-21,faith@techcity.co.zw,,Small Chips,,1,1.0,1.0,2.0,0.3,2.0,0.0,solid-cash,False
67843,66205,2025-08-21,faith@techcity.co.zw,,Beef Burger BB,,1,1.0,1.0,2.0,0.3,2.0,0.0,solid-cash,False
67843,66205,2025-08-21,faith@techcity.co.zw,,Small Chips,,1,1.0,1.0,2.0,0.3,2.0,0.0,solid-cash,False
67844,66206,2025-08-21,faith@techcity.co.zw,,Hot Dog,,1,1.0,1.0,5.5,0.83,6.0,0.5,solid-cash,False
67844,66206,2025-08-21,faith@techcity.co.zw,,Small Chips,,1,1.0,1.0,5.5,0.83,6.0,0.5,solid-cash,False
67844,66206,2025-08-21,faith@techcity.co.zw,,Spaghetti Bolognese,,1,2.0,2.0,5.5,0.83,6.0,0.5,solid-cash,False
67844,66206,2025-08-21,faith@techcity.co.zw,,Goat Meat,,1,1.5,1.5,5.5,0.83,6.0,0.5,solid-cash,False
67845,66207,2025-08-21,faith@techcity.co.zw,,Small Chips,,1,1.0,1.0,1.0,0.15,1.0,0.0,solid-cash,False
67846,66208,2025-08-21,faith@techcity.co.zw,,Plain Rice ($),,2,1.0,2.0,2.0,0.3,2.0,0.0,solid-cash,False
67847,66209,2025-08-21,faith@techcity.co.zw,,Beef Burger BB,,6,1.0,6.0,11.0,1.65,11.0,0.0,solid-cash,False
67847,66209,2025-08-21,faith@techcity.co.zw,,Small Chips,,5,1.0,5.0,11.0,1.65,11.0,0.0,solid-cash,False
67848,66210,2025-08-21,faith@techcity.co.zw,,Hot Dog,,1,1.0,1.0,2.0,0.3,5.0,3.0,solid-cash,False
67848,66210,2025-08-21,faith@techcity.co.zw,,Small Chips,,1,1.0,1.0,2.0,0.3,5.0,3.0,solid-cash,False
67849,66211,2025-08-21,faith@techcity.co.zw,,Beef Burger BB,,1,1.0,1.0,2.0,0.3,10.0,0.0,solid-cash,False
67849,66211,2025-08-21,faith@techcity.co.zw,,Small Chips,,1,1.0,1.0,2.0,0.3,10.0,0.0,solid-cash,False
67850,66212,2025-08-21,faith@techcity.co.zw,,Spaghetti,,1,1.0,1.0,2.5,0.38,5.0,0.0,solid-cash,False
67850,66212,2025-08-21,faith@techcity.co.zw,,Pork Stew,,1,1.5,1.5,2.5,0.38,5.0,0.0,solid-cash,False
67851,66213,2025-08-21,faith@techcity.co.zw,,Beef Burger BB,,2,1.0,2.0,3.0,0.45,3.0,0.0,solid-cash,False
67851,66213,2025-08-21,faith@techcity.co.zw,,Small Chips,,1,1.0,1.0,3.0,0.45,3.0,0.0,solid-cash,False
67852,66214,2025-08-21,faith@techcity.co.zw,,Beef Burger BB,,2,1.0,2.0,2.0,0.3,2.0,0.0,solid-cash,False
67853,66215,2025-08-21,faith@techcity.co.zw,,Baked Potatoes,,1,1.0,1.0,1.0,0.15,1.0,0.0,solid-cash,False
67854,66216,2025-08-21,faith@techcity.co.zw,,,Pet,1,1.0,1.0,1.0,0.15,1.0,0.0,solid-cash,False
67855,66217,2025-08-21,faith@techcity.co.zw,,Small Chips,,1,1.0,1.0,1.0,0.15,1.0,0.0,solid-cash,False
67856,66218,2025-08-21,faith@techcity.co.zw,,Beef Burger BB,,1,1.0,1.0,1.0,0.15,1.0,0.0,solid-cash,False
67857,66219,2025-08-21,faith@techcity.co.zw,2 Piecer,,,1,4.5,4.5,10.5,1.58,10.5,0.0,solid-cash,False
67857,66219,2025-08-21,faith@techcity.co.zw,,Pork Chop (M),,1,3.0,3.0,10.5,1.58,10.5,0.0,solid-cash,False
67857,66219,2025-08-21,faith@techcity.co.zw,,Small Chips,,1,1.0,1.0,10.5,1.58,10.5,0.0,solid-cash,False
67857,66219,2025-08-21,faith@techcity.co.zw,,Double Burger,,1,2.0,2.0,10.5,1.58,10.5,0.0,solid-cash,False
67858,66220,2025-08-21,faith@techcity.co.zw,Russian Combo,,,1,2.0,2.0,5.0,0.75,10.0,3.0,solid-cash,False
67858,66220,2025-08-21,faith@techcity.co.zw,,,Pet,1,1.0,1.0,5.0,0.75,10.0,3.0,solid-cash,False
67858,66220,2025-08-21,faith@techcity.co.zw,,Small Chips,,2,1.0,2.0,5.0,0.75,10.0,3.0,solid-cash,False
67859,66221,2025-08-21,faith@techcity.co.zw,,Beef Burger BB,,2,1.0,2.0,14.0,2.1,17.0,3.0,solid-cash,False
67859,66221,2025-08-21,faith@techcity.co.zw,,Small Chips,,2,1.0,2.0,14.0,2.1,17.0,3.0,solid-cash,False
67859,66221,2025-08-21,faith@techcity.co.zw,Pork Stew & Sadza,,,1,2.0,2.0,14.0,2.1,17.0,3.0,solid-cash,False
67859,66221,2025-08-21,faith@techcity.co.zw,Goat Meat & Sadza,,,1,2.0,2.0,14.0,2.1,17.0,3.0,solid-cash,False
67859,66221,2025-08-21,faith@techcity.co.zw,Goat Meat & Rice,,,1,2.0,2.0,14.0,2.1,17.0,3.0,solid-cash,False
67859,66221,2025-08-21,faith@techcity.co.zw,Pork Stew & Rice,,,1,2.0,2.0,14.0,2.1,17.0,3.0,solid-cash,False
67859,66221,2025-08-21,faith@techcity.co.zw,Chicken Roast & Rice,,,1,2.0,2.0,14.0,2.1,17.0,3.0,solid-cash,False
67860,66222,2025-08-21,faith@techcity.co.zw,,Hot Dog,,1,1.0,1.0,1.0,0.15,1.0,0.0,solid-cash,False
67861,66223,2025-08-21,faith@techcity.co.zw,,Beef Burger BB,,1,1.0,1.0,1.0,0.15,1.0,0.0,solid-cash,False
67862,66224,2025-08-21,yvandrayvie,Crumbed Chicken & Chips,,,1,3.0,3.0,4.0,0.6,10.0,6.0,solid-cash,False
67862,66224,2025-08-21,yvandrayvie,,Small Chips,,1,1.0,1.0,4.0,0.6,10.0,6.0,solid-cash,False
67863,66225,2025-08-21,yvandrayvie,,Small Chips,,1,1.0,1.0,1.0,0.15,1.0,0.0,solid-cash,False
67864,66226,2025-08-21,yvandrayvie,Pork Stew & Rice,,,1,2.0,2.0,2.0,0.3,2.0,0.0,solid-cash,False
67865,66227,2025-08-21,yvandrayvie,,Small Chips,,1,1.0,1.0,1.0,0.15,1.0,0.0,solid-cash,False
67866,66228,2025-08-21,yvandrayvie,,,Water,1,0.5,0.5,0.5,0.08,0.5,0.0,solid-cash,False
67867,66229,2025-08-21,yvandrayvie,,Small Chips,,1,1.0,1.0,1.0,0.15,10.0,9.0,solid-cash,False
67868,66230,2025-08-21,yvandrayvie,,Beef Burger BB,,1,1.0,1.0,5.0,0.75,100.0,95.0,solid-cash,False
67868,66230,2025-08-21,yvandrayvie,,Small Chips,,1,1.0,1.0,5.0,0.75,100.0,95.0,solid-cash,False
67868,66230,2025-08-21,yvandrayvie,Pork Stew & Rice,,,1,2.0,2.0,5.0,0.75,100.0,95.0,solid-cash,False
67868,66230,2025-08-21,yvandrayvie,,,Pepsi coke,1,0.5,0.5,5.0,0.75,100.0,95.0,solid-cash,False
67868,66230,2025-08-21,yvandrayvie,,,Water,1,0.5,0.5,5.0,0.75,100.0,95.0,solid-cash,False
67869,66231,2025-08-21,yvandrayvie,,Shwarma,,1,3.0,3.0,7.0,1.05,10.0,3.0,solid-cash,False
67869,66231,2025-08-21,yvandrayvie,,Spaghetti Bolognese,,1,2.0,2.0,7.0,1.05,10.0,3.0,solid-cash,False
67869,66231,2025-08-21,yvandrayvie,,Beef Stew,,1,1.5,1.5,7.0,1.05,10.0,3.0,solid-cash,False
67869,66231,2025-08-21,yvandrayvie,,,Pepsi coke,1,0.5,0.5,7.0,1.05,10.0,3.0,solid-cash,False
67870,66232,2025-08-21,yvandrayvie,,Small Chips,,1,1.0,1.0,1.0,0.15,1.0,0.0,solid-cash,False
67871,66233,2025-08-21,yvandrayvie,,Small Chips,,1,1.0,1.0,2.0,0.3,10.0,8.0,solid-cash,False
67871,66233,2025-08-21,yvandrayvie,,,Pet,1,1.0,1.0,2.0,0.3,10.0,8.0,solid-cash,False
67872,66234,2025-08-21,yvandrayvie,Beef Stew & Rice,,,1,2.0,2.0,2.0,0.3,2.0,0.0,solid-cash,False
67873,66235,2025-08-21,yvandrayvie,,Beef Burger BB,,1,1.0,1.0,1.0,0.15,1.0,0.0,solid-cash,False
67874,66236,2025-08-21,yvandrayvie,Pork Stew & Rice,,,2,2.0,4.0,8.5,1.28,8.5,0.0,eco-cash,False
67874,66236,2025-08-21,yvandrayvie,,Small Chips,,2,1.0,2.0,8.5,1.28,8.5,0.0,eco-cash,False
67874,66236,2025-08-21,yvandrayvie,,,Fruta,2,1.0,2.0,8.5,1.28,8.5,0.0,eco-cash,False
67874,66236,2025-08-21,yvandrayvie,,,Water,1,0.5,0.5,8.5,1.28,8.5,0.0,eco-cash,False
67875,66237,2025-08-21,yvandrayvie,Pork Stew & Rice,,,1,2.0,2.0,2.0,0.3,2.0,0.0,solid-cash,False
67876,66238,2025-08-21,yvandrayvie,,Beef Burger BB,,1,1.0,1.0,2.0,0.3,5.0,1.0,solid-cash,False
67876,66238,2025-08-21,yvandrayvie,,Small Chips,,1,1.0,1.0,2.0,0.3,5.0,1.0,solid-cash,False
67877,66239,2025-08-21,yvandrayvie,,Small Chips,,1,1.0,1.0,1.0,0.15,1.0,0.0,solid-cash,False
67878,66240,2025-08-21,yvandrayvie,,Beef Burger BB,,1,1.0,1.0,1.0,0.15,1.0,0.0,solid-cash,False
67879,66241,2025-08-21,yvandrayvie,,Chicken Burger,,1,2.0,2.0,2.0,0.3,2.0,0.0,solid-cash,False
67880,66242,2025-08-21,yvandrayvie,,Beef Burger BB,,1,1.0,1.0,1.0,0.15,1.0,0.0,solid-cash,False
67881,66243,2025-08-21,yvandrayvie,,Beef Burger BB,,1,1.0,1.0,1.0,0.15,1.0,0.0,solid-cash,False
67882,66244,2025-08-21,yvandrayvie,,Medium Chips,,1,2.0,2.0,2.0,0.3,2.0,0.0,solid-cash,False
67883,66245,2025-08-21,yvandrayvie,,Small Chips,,1,1.0,1.0,1.0,0.15,1.0,0.0,solid-cash,False
67884,66246,2025-08-21,yvandrayvie,Beef Stew & Sadza,,,1,2.0,2.0,2.0,0.3,2.0,0.0,solid-cash,False
67885,66247,2025-08-21,yvandrayvie,,Beef Burger BB,,2,1.0,2.0,2.0,0.3,2.0,0.0,solid-cash,False
67886,66248,2025-08-21,yvandrayvie,1/4 Chicken & Rice,,,1,3.5,3.5,3.5,0.53,4.0,0.5,solid-cash,False
67887,66249,2025-08-21,yvandrayvie,,Beef Burger BB,,1,1.0,1.0,2.0,0.3,2.0,0.0,solid-cash,False
67887,66249,2025-08-21,yvandrayvie,,Small Chips,,1,1.0,1.0,2.0,0.3,2.0,0.0,solid-cash,False
67888,66250,2025-08-21,yvandrayvie,,Beef Burger BB,,1,1.0,1.0,1.0,0.15,1.0,0.0,solid-cash,False
67889,66251,2025-08-21,yvandrayvie,,,Pet,1,1.0,1.0,1.0,0.15,1.0,0.0,solid-cash,False
67890,66252,2025-08-21,yvandrayvie,Pork Stew & Rice,,,1,2.0,2.0,2.0,0.3,2.0,0.0,solid-cash,False
67891,66253,2025-08-21,yvandrayvie,,Roast Chicken,,1,1.5,1.5,2.5,0.38,2.5,0.0,solid-cash,False
67891,66253,2025-08-21,yvandrayvie,,Small Chips,,1,1.0,1.0,2.5,0.38,2.5,0.0,solid-cash,False
67892,66254,2025-08-21,yvandrayvie,,,Pet,1,1.0,1.0,1.0,0.15,1.0,0.0,solid-cash,False
67893,66255,2025-08-21,yvandrayvie,Pork Stew & Rice,,,1,2.0,2.0,2.0,0.3,10.0,0.0,solid-cash,False
67894,66256,2025-08-21,yvandrayvie,,Beef Burger BB,,1,1.0,1.0,1.0,0.15,1.0,0.0,solid-cash,False
67895,66257,2025-08-21,yvandrayvie,,Sadza,,14,0.5,7.0,39.5,5.93,0.0,0.0,solid-cash,True
67895,66257,2025-08-21,yvandrayvie,Pork Stew & Sadza,,,2,2.0,4.0,39.5,5.93,0.0,0.0,solid-cash,True
67895,66257,2025-08-21,yvandrayvie,Beef Stew & Sadza,,,1,2.0,2.0,39.5,5.93,0.0,0.0,solid-cash,True
67895,66257,2025-08-21,yvandrayvie,Chicken Roast & Rice,,,1,2.0,2.0,39.5,5.93,0.0,0.0,solid-cash,True
67895,66257,2025-08-21,yvandrayvie,,Goat Meat,,2,1.5,3.0,39.5,5.93,0.0,0.0,solid-cash,True
67895,66257,2025-08-21,yvandrayvie,Goat Meat & Sadza,,,1,2.0,2.0,39.5,5.93,0.0,0.0,solid-cash,True
67895,66257,2025-08-21,yvandrayvie,Pork Stew & Rice,,,1,2.0,2.0,39.5,5.93,0.0,0.0,solid-cash,True
67895,66257,2025-08-21,yvandrayvie,,Spaghetti Bolognese,,4,2.0,8.0,39.5,5.93,0.0,0.0,solid-cash,True
67895,66257,2025-08-21,yvandrayvie,,Baked Potatoes,,1,1.0,1.0,39.5,5.93,0.0,0.0,solid-cash,True
67895,66257,2025-08-21,yvandrayvie,,Fish Stew 1 piece,,5,1.5,7.5,39.5,5.93,0.0,0.0,solid-cash,True
67895,66257,2025-08-21,yvandrayvie,,Small Chips,,1,1.0,1.0,39.5,5.93,0.0,0.0,solid-cash,True
67896,66258,2025-08-21,yvandrayvie,Chicken Stew & Rice,,,1,2.0,2.0,2.0,0.3,2.0,0.0,solid-cash,False
67897,66259,2025-08-21,yvandrayvie,Crumbed Chicken & Chips,,,1,3.0,3.0,8.0,1.2,8.0,0.0,solid-cash,False
67897,66259,2025-08-21,yvandrayvie,,Beef Burger BB,,3,1.0,3.0,8.0,1.2,8.0,0.0,solid-cash,False
67897,66259,2025-08-21,yvandrayvie,Chicken Stew & Sadza,,,1,2.0,2.0,8.0,1.2,8.0,0.0,solid-cash,False
67565,65927,2025-08-21,faith@techcity.co.zw,,Tea,,1,0.5,0.5,0.5,0.08,0.5,0.0,solid-cash,False
67566,65928,2025-08-21,faith@techcity.co.zw,,Beef Burger BB,,2,1.0,2.0,2.0,0.3,2.0,0.0,solid-cash,False
67567,65929,2025-08-21,faith@techcity.co.zw,,Spaghetti,,1,1.0,1.0,1.0,0.15,1.0,0.0,solid-cash,False
67568,65930,2025-08-21,faith@techcity.co.zw,,Beef Burger BB,,1,1.0,1.0,1.0,0.15,1.0,0.0,solid-cash,False
67569,65931,2025-08-21,faith@techcity.co.zw,,Tea,,1,0.5,0.5,1.5,0.23,1.5,0.0,solid-cash,False
67569,65931,2025-08-21,faith@techcity.co.zw,,Spaghetti,,1,1.0,1.0,1.5,0.23,1.5,0.0,solid-cash,False
67570,65932,2025-08-21,faith@techcity.co.zw,,Beef Burger BB,,1,1.0,1.0,1.0,0.15,1.0,0.0,solid-cash,False
67571,65933,2025-08-21,faith@techcity.co.zw,,Spaghetti Bolognese,,1,2.0,2.0,3.0,0.45,20.0,17.0,solid-cash,False
67571,65933,2025-08-21,faith@techcity.co.zw,,,Pet,1,1.0,1.0,3.0,0.45,20.0,17.0,solid-cash,False
67572,65934,2025-08-21,faith@techcity.co.zw,,Pork Stew,,1,1.5,1.5,2.0,0.3,2.0,0.0,solid-cash,False
67572,65934,2025-08-21,faith@techcity.co.zw,,,Water,1,0.5,0.5,2.0,0.3,2.0,0.0,solid-cash,False
67573,65935,2025-08-21,faith@techcity.co.zw,,Small Chips,,1,1.0,1.0,1.0,0.15,1.0,0.0,solid-cash,False
67574,65936,2025-08-21,faith@techcity.co.zw,,Small Chips,,1,1.0,1.0,1.0,0.15,1.0,0.0,solid-cash,False
67575,65937,2025-08-21,faith@techcity.co.zw,,Small Chips,,1,1.0,1.0,1.0,0.15,5.0,0.0,solid-cash,False
67576,65938,2025-08-21,faith@techcity.co.zw,,Tea,,2,0.5,1.0,1.0,0.15,1.0,0.0,solid-cash,False
67577,65939,2025-08-21,faith@techcity.co.zw,,Beef Burger BB,,1,1.0,1.0,1.0,0.15,1.0,0.0,solid-cash,False
67578,65940,2025-08-21,faith@techcity.co.zw,,Small Chips,,1,1.0,1.0,1.0,0.15,1.0,0.0,solid-cash,False
67579,65941,2025-08-21,faith@techcity.co.zw,,Small Chips,,1,1.0,1.0,1.0,0.15,1.0,0.0,solid-cash,False
67580,65942,2025-08-21,faith@techcity.co.zw,,Tea,,1,0.5,0.5,0.5,0.08,1.0,0.5,solid-cash,False
67581,65943,2025-08-21,faith@techcity.co.zw,,Tea,,1,0.5,0.5,0.5,0.08,1.0,0.5,solid-cash,False
67582,65944,2025-08-21,faith@techcity.co.zw,,Tea,,1,0.5,0.5,0.5,0.08,0.5,0.0,solid-cash,False
67583,65945,2025-08-21,faith@techcity.co.zw,,Tea,,1,0.5,0.5,0.5,0.08,0.5,0.0,solid-cash,False
67584,65946,2025-08-21,faith@techcity.co.zw,,Rice neDovi,,2,1.0,2.0,2.0,0.3,5.0,0.0,solid-cash,False
67585,65947,2025-08-21,faith@techcity.co.zw,Russian Combo,,,1,2.0,2.0,2.0,0.3,20.0,0.0,solid-cash,False
67586,65948,2025-08-21,faith@techcity.co.zw,,Shwarma,,1,3.0,3.0,5.0,0.75,50.0,0.0,solid-cash,False
67586,65948,2025-08-21,faith@techcity.co.zw,Russian Combo,,,1,2.0,2.0,5.0,0.75,50.0,0.0,solid-cash,False
67587,65949,2025-08-21,faith@techcity.co.zw,Pork Stew & Rice,,,1,2.0,2.0,2.0,0.3,10.0,0.0,solid-cash,False
67588,65950,2025-08-21,faith@techcity.co.zw,T-Bone & Rice,,,1,3.0,3.0,3.0,0.45,5.0,0.0,solid-cash,False
67589,65951,2025-08-21,faith@techcity.co.zw,,Small Chips,,1,1.0,1.0,1.0,0.15,1.0,0.0,solid-cash,False
67590,65952,2025-08-21,faith@techcity.co.zw,T-Bone & Rice,,,1,3.0,3.0,7.0,1.05,10.0,0.0,solid-cash,False
67590,65952,2025-08-21,faith@techcity.co.zw,,T-Bone,,1,2.5,2.5,7.0,1.05,10.0,0.0,solid-cash,False
67590,65952,2025-08-21,faith@techcity.co.zw,,Tea,,1,0.5,0.5,7.0,1.05,10.0,0.0,solid-cash,False
67590,65952,2025-08-21,faith@techcity.co.zw,,Rice neDovi,,1,1.0,1.0,7.0,1.05,10.0,0.0,solid-cash,False
67591,65953,2025-08-21,faith@techcity.co.zw,,Beef Burger BB,,1,1.0,1.0,2.0,0.3,2.0,0.0,solid-cash,False
67591,65953,2025-08-21,faith@techcity.co.zw,,Baked Potatoes,,1,1.0,1.0,2.0,0.3,2.0,0.0,solid-cash,False
67592,65954,2025-08-21,faith@techcity.co.zw,,Fish Stew,,3,2.5,7.5,10.0,1.5,10.0,0.0,solid-cash,False
67592,65954,2025-08-21,faith@techcity.co.zw,,Plain Rice 50c,,2,0.5,1.0,10.0,1.5,10.0,0.0,solid-cash,False
67592,65954,2025-08-21,faith@techcity.co.zw,,Mashed Potatoes,,1,1.5,1.5,10.0,1.5,10.0,0.0,solid-cash,False
67593,65955,2025-08-21,faith@techcity.co.zw,,Small Chips,,1,1.0,1.0,1.0,0.15,10.0,5.0,solid-cash,False
67594,65956,2025-08-21,faith@techcity.co.zw,,Baked Potatoes,,1,1.0,1.0,1.0,0.15,5.0,0.0,solid-cash,False
67595,65957,2025-08-21,faith@techcity.co.zw,,Fish Stew 1 piece,,3,1.5,4.5,7.0,1.05,10.0,0.0,solid-cash,False
67595,65957,2025-08-21,faith@techcity.co.zw,,Plain Rice 50c,,2,0.5,1.0,7.0,1.05,10.0,0.0,solid-cash,False
67595,65957,2025-08-21,faith@techcity.co.zw,,Mashed Potatoes,,1,1.5,1.5,7.0,1.05,10.0,0.0,solid-cash,False
67596,65958,2025-08-21,faith@techcity.co.zw,,Beef Burger BB,,1,1.0,1.0,1.0,0.15,1.0,0.0,solid-cash,False
67597,65959,2025-08-21,faith@techcity.co.zw,,Tea,,2,0.5,1.0,1.0,0.15,1.0,0.0,solid-cash,False
67598,65960,2025-08-21,faith@techcity.co.zw,,Mashed Potatoes,,1,1.5,1.5,1.5,0.23,1.5,0.0,solid-cash,False
67599,65961,2025-08-21,faith@techcity.co.zw,,Fish Stew 1 piece,,2,1.5,3.0,3.5,0.53,10.0,6.5,solid-cash,False
67599,65961,2025-08-21,faith@techcity.co.zw,,Plain Rice 50c,,1,0.5,0.5,3.5,0.53,10.0,6.5,solid-cash,False
67600,65962,2025-08-21,faith@techcity.co.zw,,Rice neDovi,,1,1.0,1.0,1.0,0.15,1.0,0.0,solid-cash,False
67601,65963,2025-08-21,faith@techcity.co.zw,,Small Chips,,3,1.0,3.0,3.0,0.45,20.0,5.0,solid-cash,False
67602,65964,2025-08-21,faith@techcity.co.zw,,Plain Rice ($),,1,1.0,1.0,1.0,0.15,1.0,0.0,solid-cash,False
67603,65965,2025-08-21,faith@techcity.co.zw,,Plain Rice 50c,,1,0.5,0.5,1.5,0.23,5.0,0.0,solid-cash,False
67603,65965,2025-08-21,faith@techcity.co.zw,,Russian Meat,,1,1.0,1.0,1.5,0.23,5.0,0.0,solid-cash,False
67604,65966,2025-08-21,faith@techcity.co.zw,,Tea,,1,0.5,0.5,0.5,0.08,0.5,0.0,solid-cash,False
67605,65967,2025-08-21,faith@techcity.co.zw,Pork Stew & Rice,,,1,2.0,2.0,2.0,0.3,10.0,5.0,solid-cash,False
67606,65968,2025-08-21,faith@techcity.co.zw,,Fish Stew 1 piece,,2,1.5,3.0,3.5,0.53,5.5,0.0,solid-cash,False
67606,65968,2025-08-21,faith@techcity.co.zw,,Plain Rice 50c,,1,0.5,0.5,3.5,0.53,5.5,0.0,solid-cash,False
67607,65969,2025-08-21,faith@techcity.co.zw,,Beef Burger BB,,2,1.0,2.0,2.0,0.3,5.0,0.0,solid-cash,False
67608,65970,2025-08-21,faith@techcity.co.zw,,Spaghetti Bolognese,,1,2.0,2.0,2.0,0.3,2.0,0.0,solid-cash,False
67609,65971,2025-08-21,faith@techcity.co.zw,,Beef Burger BB,,1,1.0,1.0,1.0,0.15,1.0,0.0,solid-cash,False
67610,65972,2025-08-21,faith@techcity.co.zw,,Shwarma,,1,3.0,3.0,5.0,0.75,5.0,0.0,solid-cash,False
67610,65972,2025-08-21,faith@techcity.co.zw,,Chicken Burger,,1,2.0,2.0,5.0,0.75,5.0,0.0,solid-cash,False
67611,65973,2025-08-21,faith@techcity.co.zw,,,Fruta,1,1.0,1.0,1.0,0.15,1.0,0.0,solid-cash,False
67612,65974,2025-08-21,faith@techcity.co.zw,,Russian Meat,,1,1.0,1.0,1.0,0.15,5.0,0.0,solid-cash,False
67613,65975,2025-08-21,faith@techcity.co.zw,,Tea,,2,0.5,1.0,3.0,0.45,10.0,0.0,solid-cash,False
67613,65975,2025-08-21,faith@techcity.co.zw,,Spaghetti,,2,1.0,2.0,3.0,0.45,10.0,0.0,solid-cash,False
67614,65976,2025-08-21,faith@techcity.co.zw,,Beef Burger BB,,2,1.0,2.0,5.0,0.75,5.0,0.0,solid-cash,False
67614,65976,2025-08-21,faith@techcity.co.zw,,Shwarma,,1,3.0,3.0,5.0,0.75,5.0,0.0,solid-cash,False
67615,65977,2025-08-21,faith@techcity.co.zw,,Fish Stew 1 piece,,2,1.5,3.0,3.5,0.53,3.5,0.0,eco-cash,False
67615,65977,2025-08-21,faith@techcity.co.zw,,Plain Rice 50c,,1,0.5,0.5,3.5,0.53,3.5,0.0,eco-cash,False
67616,65978,2025-08-21,faith@techcity.co.zw,,Baked Potatoes,,1,1.0,1.0,1.0,0.15,1.0,0.0,solid-cash,False
67617,65979,2025-08-21,faith@techcity.co.zw,,Small Chips,,1,1.0,1.0,1.0,0.15,1.0,0.0,solid-cash,False
67618,65980,2025-08-21,faith@techcity.co.zw,,Beef Burger BB,,1,1.0,1.0,1.0,0.15,1.0,0.0,solid-cash,False
67619,65981,2025-08-21,faith@techcity.co.zw,,Mashed Potatoes,,1,1.5,1.5,3.0,0.45,10.0,0.0,solid-cash,False
67619,65981,2025-08-21,faith@techcity.co.zw,,Russian Meat,,1,1.0,1.0,3.0,0.45,10.0,0.0,solid-cash,False
67619,65981,2025-08-21,faith@techcity.co.zw,,Tea,,1,0.5,0.5,3.0,0.45,10.0,0.0,solid-cash,False
67620,65982,2025-08-21,faith@techcity.co.zw,,Russian Meat,,3,1.0,3.0,4.5,0.68,4.5,0.0,solid-cash,False
67620,65982,2025-08-21,faith@techcity.co.zw,,Plain Rice 50c,,1,0.5,0.5,4.5,0.68,4.5,0.0,solid-cash,False
67620,65982,2025-08-21,faith@techcity.co.zw,,Spaghetti,,1,1.0,1.0,4.5,0.68,4.5,0.0,solid-cash,False
67621,65983,2025-08-21,faith@techcity.co.zw,Beef Stew & Rice,,,1,2.0,2.0,2.0,0.3,2.0,0.0,solid-cash,False
67622,65984,2025-08-21,faith@techcity.co.zw,Pork Stew & Rice,,,1,2.0,2.0,2.0,0.3,2.0,0.0,solid-cash,False
67623,65985,2025-08-21,faith@techcity.co.zw,Beef Stew & Sadza,,,1,2.0,2.0,3.0,0.45,3.0,0.0,solid-cash,False
67623,65985,2025-08-21,faith@techcity.co.zw,,,Water,1,0.5,0.5,3.0,0.45,3.0,0.0,solid-cash,False
67623,65985,2025-08-21,faith@techcity.co.zw,,,Pepsi coke,1,0.5,0.5,3.0,0.45,3.0,0.0,solid-cash,False
67624,65986,2025-08-21,faith@techcity.co.zw,,Spaghetti Bolognese,,1,2.0,2.0,2.0,0.3,10.0,0.0,solid-cash,False
67625,65987,2025-08-21,faith@techcity.co.zw,,Small Chips,,1,1.0,1.0,1.0,0.15,1.0,0.0,solid-cash,False
67626,65988,2025-08-21,faith@techcity.co.zw,,Tea,,1,0.5,0.5,0.5,0.08,0.5,0.0,solid-cash,False
67627,65989,2025-08-21,faith@techcity.co.zw,,Rice neDovi,,1,1.0,1.0,2.0,0.3,2.0,0.0,solid-cash,False
67627,65989,2025-08-21,faith@techcity.co.zw,,Russian Meat,,1,1.0,1.0,2.0,0.3,2.0,0.0,solid-cash,False
67628,65990,2025-08-21,faith@techcity.co.zw,,Beef Burger BB,,1,1.0,1.0,1.0,0.15,1.0,0.0,solid-cash,False
67629,65991,2025-08-21,faith@techcity.co.zw,,Beef Burger BB,,2,1.0,2.0,3.0,0.45,3.0,0.0,solid-cash,False
67629,65991,2025-08-21,faith@techcity.co.zw,,Small Chips,,1,1.0,1.0,3.0,0.45,3.0,0.0,solid-cash,False
67630,65992,2025-08-21,faith@techcity.co.zw,Chicken Stew & Rice,,,1,2.0,2.0,2.0,0.3,10.0,4.0,solid-cash,False
67631,65993,2025-08-21,faith@techcity.co.zw,,Sadza,,1,0.5,0.5,0.5,0.08,0.5,0.0,solid-cash,False
67632,65994,2025-08-21,faith@techcity.co.zw,,Tea,,1,0.5,0.5,0.5,0.08,0.5,0.0,solid-cash,False
67633,65995,2025-08-21,faith@techcity.co.zw,,Small Chips,,1,1.0,1.0,1.0,0.15,1.0,0.0,solid-cash,False
67634,65996,2025-08-21,faith@techcity.co.zw,,Beef Burger BB,,1,1.0,1.0,1.0,0.15,1.0,0.0,solid-cash,False
67635,65997,2025-08-21,faith@techcity.co.zw,Beef Stew & Rice,,,2,2.0,4.0,4.0,0.6,10.0,0.0,solid-cash,False
67636,65998,2025-08-21,faith@techcity.co.zw,,Small Chips,,2,1.0,2.0,2.0,0.3,10.0,8.0,solid-cash,False
67637,65999,2025-08-21,faith@techcity.co.zw,,Pork Stew,,1,1.5,1.5,3.0,0.45,10.0,7.0,solid-cash,False
67637,65999,2025-08-21,faith@techcity.co.zw,,Mashed Potatoes,,1,1.5,1.5,3.0,0.45,10.0,7.0,solid-cash,False
67638,66000,2025-08-21,faith@techcity.co.zw,,Beef Burger BB,,1,1.0,1.0,2.0,0.3,2.0,0.0,solid-cash,False
67638,66000,2025-08-21,faith@techcity.co.zw,,Hot Dog,,1,1.0,1.0,2.0,0.3,2.0,0.0,solid-cash,False
67639,66001,2025-08-21,faith@techcity.co.zw,,Spaghetti Bolognese,,1,2.0,2.0,2.0,0.3,2.0,0.0,solid-cash,False
67640,66002,2025-08-21,faith@techcity.co.zw,,Rice neDovi,,1,1.0,1.0,2.5,0.38,5.0,2.5,solid-cash,False
67640,66002,2025-08-21,faith@techcity.co.zw,,Roast Chicken,,1,1.5,1.5,2.5,0.38,5.0,2.5,solid-cash,False
67641,66003,2025-08-21,faith@techcity.co.zw,,Rice neDovi,,1,1.0,1.0,2.5,0.38,2.5,0.0,solid-cash,False
67641,66003,2025-08-21,faith@techcity.co.zw,,Goat Meat,,1,1.5,1.5,2.5,0.38,2.5,0.0,solid-cash,False
67642,66004,2025-08-21,faith@techcity.co.zw,,Beef Burger BB,,2,1.0,2.0,3.0,0.45,10.0,7.0,solid-cash,False
67642,66004,2025-08-21,faith@techcity.co.zw,,Rice neDovi,,1,1.0,1.0,3.0,0.45,10.0,7.0,solid-cash,False
67643,66005,2025-08-21,faith@techcity.co.zw,,Tea,,1,0.5,0.5,0.5,0.08,0.5,0.0,solid-cash,False
67644,66006,2025-08-21,faith@techcity.co.zw,,Mashed Potatoes,,1,1.5,1.5,3.0,0.45,5.0,0.0,solid-cash,False
67644,66006,2025-08-21,faith@techcity.co.zw,,Roast Chicken,,1,1.5,1.5,3.0,0.45,5.0,0.0,solid-cash,False
67645,66007,2025-08-21,faith@techcity.co.zw,Beef Stew & Rice,,,1,2.0,2.0,3.0,0.45,20.0,2.0,solid-cash,False
67645,66007,2025-08-21,faith@techcity.co.zw,,,Pet,1,1.0,1.0,3.0,0.45,20.0,2.0,solid-cash,False
67646,66008,2025-08-21,faith@techcity.co.zw,,Sadza,,1,0.5,0.5,1.0,0.15,1.0,0.0,solid-cash,False
67646,66008,2025-08-21,faith@techcity.co.zw,,Plain vegetables,,1,0.5,0.5,1.0,0.15,1.0,0.0,solid-cash,False
67647,66009,2025-08-21,faith@techcity.co.zw,,Chicken Burger,,1,2.0,2.0,3.0,0.45,10.0,0.0,solid-cash,False
67647,66009,2025-08-21,faith@techcity.co.zw,,,Fruta,1,1.0,1.0,3.0,0.45,10.0,0.0,solid-cash,False
67648,66010,2025-08-21,faith@techcity.co.zw,Chicken Stew & Rice,,,1,2.0,2.0,2.0,0.3,2.0,0.0,solid-cash,False
67649,66011,2025-08-21,faith@techcity.co.zw,Chicken Stew & Rice,,,1,2.0,2.0,2.0,0.3,10.0,2.0,solid-cash,False
67650,66012,2025-08-21,faith@techcity.co.zw,,Goat Meat,,1,1.5,1.5,3.0,0.45,3.0,0.0,eco-cash,False
67650,66012,2025-08-21,faith@techcity.co.zw,,Mashed Potatoes,,1,1.5,1.5,3.0,0.45,3.0,0.0,eco-cash,False
67651,66013,2025-08-21,faith@techcity.co.zw,T-Bone & Chips,,,1,3.5,3.5,4.0,0.6,4.0,0.0,solid-cash,False
67651,66013,2025-08-21,faith@techcity.co.zw,,,King size,1,0.5,0.5,4.0,0.6,4.0,0.0,solid-cash,False
67652,66014,2025-08-21,faith@techcity.co.zw,Crumbed Chicken & Chips,,,2,3.0,6.0,8.0,1.2,8.0,0.0,solid-cash,False
67652,66014,2025-08-21,faith@techcity.co.zw,,,Pet,2,1.0,2.0,8.0,1.2,8.0,0.0,solid-cash,False
67653,66015,2025-08-21,faith@techcity.co.zw,,Mashed Potatoes,,1,1.5,1.5,1.5,0.23,1.5,0.0,solid-cash,False
67654,66016,2025-08-21,faith@techcity.co.zw,,Small Chips,,1,1.0,1.0,1.0,0.15,1.0,0.0,solid-cash,False
67655,66017,2025-08-21,faith@techcity.co.zw,,Small Chips,,1,1.0,1.0,1.0,0.15,1.0,0.0,solid-cash,False
67656,66018,2025-08-21,faith@techcity.co.zw,Beef Stew & Rice,,,1,2.0,2.0,6.0,0.9,10.0,0.0,solid-cash,False
67656,66018,2025-08-21,faith@techcity.co.zw,Chicken Stew & Rice,,,1,2.0,2.0,6.0,0.9,10.0,0.0,solid-cash,False
67656,66018,2025-08-21,faith@techcity.co.zw,Chicken Stew & Sadza,,,1,2.0,2.0,6.0,0.9,10.0,0.0,solid-cash,False
67657,66019,2025-08-21,faith@techcity.co.zw,,,Pepsi coke,1,0.5,0.5,3.0,0.45,3.0,0.0,eco-cash,False
67657,66019,2025-08-21,faith@techcity.co.zw,Crumbed Chicken & Rice,,,1,2.5,2.5,3.0,0.45,3.0,0.0,eco-cash,False
67658,66020,2025-08-21,faith@techcity.co.zw,,Beef Burger BB,,1,1.0,1.0,2.0,0.3,2.0,0.0,solid-cash,False
67658,66020,2025-08-21,faith@techcity.co.zw,,Small Chips,,1,1.0,1.0,2.0,0.3,2.0,0.0,solid-cash,False
67659,66021,2025-08-21,faith@techcity.co.zw,,Beef Burger BB,,1,1.0,1.0,1.0,0.15,1.0,0.0,solid-cash,False
67660,66022,2025-08-21,faith@techcity.co.zw,,Beef Burger BB,,1,1.0,1.0,2.0,0.3,2.0,0.0,solid-cash,False
67660,66022,2025-08-21,faith@techcity.co.zw,,Hot Dog,,1,1.0,1.0,2.0,0.3,2.0,0.0,solid-cash,False
67661,66023,2025-08-21,faith@techcity.co.zw,,Beef Burger BB,,2,1.0,2.0,2.0,0.3,2.0,0.0,solid-cash,False
67662,66024,2025-08-21,faith@techcity.co.zw,,Small Chips,,1,1.0,1.0,2.0,0.3,10.0,0.0,solid-cash,False
67662,66024,2025-08-21,faith@techcity.co.zw,,Beef Burger BB,,1,1.0,1.0,2.0,0.3,10.0,0.0,solid-cash,False
67663,66025,2025-08-21,faith@techcity.co.zw,,Medium Chips,,1,2.0,2.0,5.0,0.75,10.0,0.0,solid-cash,False
67663,66025,2025-08-21,faith@techcity.co.zw,,Small Chips,,1,1.0,1.0,5.0,0.75,10.0,0.0,solid-cash,False
67663,66025,2025-08-21,faith@techcity.co.zw,,Hot Dog,,1,1.0,1.0,5.0,0.75,10.0,0.0,solid-cash,False
67663,66025,2025-08-21,faith@techcity.co.zw,,Beef Burger BB,,1,1.0,1.0,5.0,0.75,10.0,0.0,solid-cash,False
67664,66026,2025-08-21,faith@techcity.co.zw,,Small Chips,,1,1.0,1.0,3.0,0.45,3.0,0.0,solid-cash,False
67664,66026,2025-08-21,faith@techcity.co.zw,,Beef Burger BB,,1,1.0,1.0,3.0,0.45,3.0,0.0,solid-cash,False
67664,66026,2025-08-21,faith@techcity.co.zw,,Rice neDovi,,1,1.0,1.0,3.0,0.45,3.0,0.0,solid-cash,False
67665,66027,2025-08-21,faith@techcity.co.zw,,Small Chips,,1,1.0,1.0,3.0,0.45,10.0,0.0,solid-cash,False
67665,66027,2025-08-21,faith@techcity.co.zw,,Beef Burger BB,,1,1.0,1.0,3.0,0.45,10.0,0.0,solid-cash,False
67665,66027,2025-08-21,faith@techcity.co.zw,,Rice neDovi,,1,1.0,1.0,3.0,0.45,10.0,0.0,solid-cash,False
67666,66028,2025-08-21,faith@techcity.co.zw,,Hot Dog,,2,1.0,2.0,5.0,0.75,5.0,0.0,solid-cash,False
67666,66028,2025-08-21,faith@techcity.co.zw,,Beef Burger BB,,2,1.0,2.0,5.0,0.75,5.0,0.0,solid-cash,False
67666,66028,2025-08-21,faith@techcity.co.zw,,Small Chips,,1,1.0,1.0,5.0,0.75,5.0,0.0,solid-cash,False
67667,66029,2025-08-21,faith@techcity.co.zw,Beef Stew & Rice,,,1,2.0,2.0,2.0,0.3,2.0,0.0,solid-cash,False
67668,66030,2025-08-21,faith@techcity.co.zw,Chicken Stew & Rice,,,1,2.0,2.0,2.0,0.3,2.0,0.0,solid-cash,False
67669,66031,2025-08-21,faith@techcity.co.zw,,,Pet,2,1.0,2.0,2.5,0.38,2.5,0.0,solid-cash,False
67669,66031,2025-08-21,faith@techcity.co.zw,,,Water,1,0.5,0.5,2.5,0.38,2.5,0.0,solid-cash,False
67670,66032,2025-08-21,faith@techcity.co.zw,Beef Stew & Sadza,,,1,2.0,2.0,2.0,0.3,2.0,0.0,solid-cash,False
67671,66033,2025-08-21,faith@techcity.co.zw,T-Bone & Rice,,,1,3.0,3.0,4.0,0.6,20.0,0.0,solid-cash,False
67671,66033,2025-08-21,faith@techcity.co.zw,,,Pet,1,1.0,1.0,4.0,0.6,20.0,0.0,solid-cash,False
67672,66034,2025-08-21,faith@techcity.co.zw,Goat Meat & Rice,,,2,2.0,4.0,4.0,0.6,10.0,0.0,solid-cash,False
67673,66035,2025-08-21,faith@techcity.co.zw,T-Bone & Chips,,,2,3.5,7.0,9.0,1.35,10.0,0.0,solid-cash,False
67673,66035,2025-08-21,faith@techcity.co.zw,,,Fruta,2,1.0,2.0,9.0,1.35,10.0,0.0,solid-cash,False
67674,66036,2025-08-21,faith@techcity.co.zw,Beef Stew & Rice,,,1,2.0,2.0,2.0,0.3,5.0,0.0,solid-cash,False
67675,66037,2025-08-21,faith@techcity.co.zw,Chicken Roast & Rice,,,1,2.0,2.0,2.0,0.3,2.0,0.0,solid-cash,False
67676,66038,2025-08-21,faith@techcity.co.zw,Pork Stew & Sadza,,,1,2.0,2.0,2.0,0.3,2.0,0.0,solid-cash,False
67677,66039,2025-08-21,faith@techcity.co.zw,Crumbed Chicken & Chips,,,1,3.0,3.0,3.0,0.45,3.0,0.0,solid-cash,False
67678,66040,2025-08-21,faith@techcity.co.zw,Chicken Roast & Rice,,,2,2.0,4.0,4.0,0.6,4.0,0.0,solid-cash,False
67679,66041,2025-08-21,faith@techcity.co.zw,T-Bone & Chips,,,1,3.5,3.5,3.5,0.53,5.0,0.0,solid-cash,False
67680,66042,2025-08-21,faith@techcity.co.zw,,,Fruta,2,1.0,2.0,9.5,1.43,9.5,0.0,solid-cash,False
67680,66042,2025-08-21,faith@techcity.co.zw,T-Bone & Chips,,,1,3.5,3.5,9.5,1.43,9.5,0.0,solid-cash,False
67680,66042,2025-08-21,faith@techcity.co.zw,,Small Chips,,1,1.0,1.0,9.5,1.43,9.5,0.0,solid-cash,False
67680,66042,2025-08-21,faith@techcity.co.zw,,Fish Stew 1 piece,,2,1.5,3.0,9.5,1.43,9.5,0.0,solid-cash,False
67681,66043,2025-08-21,faith@techcity.co.zw,,Rice neDovi,,1,1.0,1.0,1.0,0.15,1.0,0.0,solid-cash,False
67682,66044,2025-08-21,faith@techcity.co.zw,,Rice neDovi,,1,1.0,1.0,2.0,0.3,2.0,0.0,solid-cash,False
67682,66044,2025-08-21,faith@techcity.co.zw,,Russian Meat,,1,1.0,1.0,2.0,0.3,2.0,0.0,solid-cash,False
67683,66045,2025-08-21,faith@techcity.co.zw,Chicken Roast & Rice,,,1,2.0,2.0,2.0,0.3,2.0,0.0,solid-cash,False
67684,66046,2025-08-21,faith@techcity.co.zw,,Beef Burger BB,,3,1.0,3.0,3.0,0.45,10.0,0.0,solid-cash,False
67685,66047,2025-08-21,faith@techcity.co.zw,,Pork Chop (M),,1,3.0,3.0,4.0,0.6,4.0,0.0,solid-cash,False
67685,66047,2025-08-21,faith@techcity.co.zw,,Plain Rice 50c,,1,0.5,0.5,4.0,0.6,4.0,0.0,solid-cash,False
67685,66047,2025-08-21,faith@techcity.co.zw,,,Water,1,0.5,0.5,4.0,0.6,4.0,0.0,solid-cash,False
67686,66048,2025-08-21,faith@techcity.co.zw,,Beef Burger BB,,1,1.0,1.0,2.0,0.3,2.0,0.0,solid-cash,False
67686,66048,2025-08-21,faith@techcity.co.zw,,,Fruta,1,1.0,1.0,2.0,0.3,2.0,0.0,solid-cash,False
67687,66049,2025-08-21,faith@techcity.co.zw,,,Pet,1,1.0,1.0,1.0,0.15,1.0,0.0,solid-cash,False
67688,66050,2025-08-21,faith@techcity.co.zw,,Hot Dog,,1,1.0,1.0,2.0,0.3,2.0,0.0,solid-cash,False
67688,66050,2025-08-21,faith@techcity.co.zw,,Small Chips,,1,1.0,1.0,2.0,0.3,2.0,0.0,solid-cash,False
67689,66051,2025-08-21,faith@techcity.co.zw,,Hot Dog,,4,1.0,4.0,9.0,1.35,9.0,0.0,solid-cash,False
67689,66051,2025-08-21,faith@techcity.co.zw,,Small Chips,,5,1.0,5.0,9.0,1.35,9.0,0.0,solid-cash,False
67690,66052,2025-08-21,faith@techcity.co.zw,Beef Stew & Sadza,,,1,2.0,2.0,2.0,0.3,2.0,0.0,solid-cash,False
67691,66053,2025-08-21,faith@techcity.co.zw,,Small Chips,,1,1.0,1.0,1.0,0.15,1.0,0.0,solid-cash,False
67692,66054,2025-08-21,faith@techcity.co.zw,,Tea,,2,0.5,1.0,1.0,0.15,1.0,0.0,solid-cash,False
67693,66055,2025-08-21,faith@techcity.co.zw,Chicken Stew & Rice,,,1,2.0,2.0,2.0,0.3,2.0,0.0,solid-cash,False
67694,66056,2025-08-21,faith@techcity.co.zw,,Small Chips,,1,1.0,1.0,7.5,1.13,7.5,0.0,solid-cash,False
67694,66056,2025-08-21,faith@techcity.co.zw,,Beef Burger BB,,1,1.0,1.0,7.5,1.13,7.5,0.0,solid-cash,False
67694,66056,2025-08-21,faith@techcity.co.zw,,Fish Stew 1 piece,,2,1.5,3.0,7.5,1.13,7.5,0.0,solid-cash,False
67694,66056,2025-08-21,faith@techcity.co.zw,,Spaghetti,,1,1.0,1.0,7.5,1.13,7.5,0.0,solid-cash,False
67694,66056,2025-08-21,faith@techcity.co.zw,,Roast Chicken,,1,1.5,1.5,7.5,1.13,7.5,0.0,solid-cash,False
67695,66057,2025-08-21,faith@techcity.co.zw,,,Pet,2,1.0,2.0,2.5,0.38,2.5,0.0,solid-cash,False
67695,66057,2025-08-21,faith@techcity.co.zw,,,Water,1,0.5,0.5,2.5,0.38,2.5,0.0,solid-cash,False
67696,66058,2025-08-21,faith@techcity.co.zw,Beef Stew & Rice,,,1,2.0,2.0,2.0,0.3,2.0,0.0,solid-cash,False
67697,66059,2025-08-21,faith@techcity.co.zw,,Beef Burger BB,,1,1.0,1.0,1.0,0.15,1.0,0.0,solid-cash,False
67698,66060,2025-08-21,faith@techcity.co.zw,,Baked Potatoes,,1,1.0,1.0,1.0,0.15,1.0,0.0,solid-cash,False
67699,66061,2025-08-21,faith@techcity.co.zw,,,Pepsi coke,1,0.5,0.5,0.5,0.08,0.5,0.0,eco-cash,False
67700,66062,2025-08-21,faith@techcity.co.zw,Chicken Roast & Sadza,,,1,2.0,2.0,2.0,0.3,2.0,0.0,solid-cash,False
67701,66063,2025-08-21,faith@techcity.co.zw,,Beef Burger BB,,2,1.0,2.0,2.0,0.3,2.0,0.0,solid-cash,False
67702,66064,2025-08-21,faith@techcity.co.zw,,Beef Burger BB,,1,1.0,1.0,2.0,0.3,2.0,0.0,solid-cash,False
67702,66064,2025-08-21,faith@techcity.co.zw,,Small Chips,,1,1.0,1.0,2.0,0.3,2.0,0.0,solid-cash,False
67703,66065,2025-08-21,faith@techcity.co.zw,,Beef Burger BB,,1,1.0,1.0,1.0,0.15,1.0,0.0,solid-cash,False
67704,66066,2025-08-21,faith@techcity.co.zw,,Beef Stew,,2,1.5,3.0,6.0,0.9,10.0,0.0,solid-cash,False
67704,66066,2025-08-21,faith@techcity.co.zw,Beef Stew & Rice,,,1,2.0,2.0,6.0,0.9,10.0,0.0,solid-cash,False
67704,66066,2025-08-21,faith@techcity.co.zw,,,Pet,1,1.0,1.0,6.0,0.9,10.0,0.0,solid-cash,False
67705,66067,2025-08-21,faith@techcity.co.zw,,Beef Burger BB,,1,1.0,1.0,1.0,0.15,5.0,0.0,solid-cash,False
67706,66068,2025-08-21,faith@techcity.co.zw,,Small Chips,,1,1.0,1.0,4.0,0.6,20.0,0.0,solid-cash,False
67706,66068,2025-08-21,faith@techcity.co.zw,,Beef Burger BB,,1,1.0,1.0,4.0,0.6,20.0,0.0,solid-cash,False
67706,66068,2025-08-21,faith@techcity.co.zw,Goat Meat & Rice,,,1,2.0,2.0,4.0,0.6,20.0,0.0,solid-cash,False
67707,66069,2025-08-21,faith@techcity.co.zw,,Goat Meat,,2,1.5,3.0,3.0,0.45,3.0,0.0,solid-cash,False
67708,66070,2025-08-21,faith@techcity.co.zw,,Small Chips,,1,1.0,1.0,2.0,0.3,10.0,0.0,solid-cash,False
67708,66070,2025-08-21,faith@techcity.co.zw,,Hot Dog,,1,1.0,1.0,2.0,0.3,10.0,0.0,solid-cash,False
67709,66071,2025-08-21,faith@techcity.co.zw,Chicken Roast & Sadza,,,1,2.0,2.0,4.0,0.6,10.0,1.0,solid-cash,False
67709,66071,2025-08-21,faith@techcity.co.zw,Beef Stew & Rice,,,1,2.0,2.0,4.0,0.6,10.0,1.0,solid-cash,False
67710,66072,2025-08-21,faith@techcity.co.zw,,Beef Burger BB,,3,1.0,3.0,3.0,0.45,20.0,2.0,solid-cash,False
67711,66073,2025-08-21,faith@techcity.co.zw,Crumbed Chicken & Chips,,,1,3.0,3.0,5.0,0.75,5.0,0.0,solid-cash,False
67711,66073,2025-08-21,faith@techcity.co.zw,Goat Meat & Rice,,,1,2.0,2.0,5.0,0.75,5.0,0.0,solid-cash,False
67712,66074,2025-08-21,faith@techcity.co.zw,Pork Stew & Rice,,,1,2.0,2.0,2.0,0.3,5.0,3.0,solid-cash,False
67713,66075,2025-08-21,faith@techcity.co.zw,,Beef Burger BB,,1,1.0,1.0,3.0,0.45,5.0,2.0,solid-cash,False
67713,66075,2025-08-21,faith@techcity.co.zw,,Small Chips,,1,1.0,1.0,3.0,0.45,5.0,2.0,solid-cash,False
67713,66075,2025-08-21,faith@techcity.co.zw,,,Pet,1,1.0,1.0,3.0,0.45,5.0,2.0,solid-cash,False
67714,66076,2025-08-21,faith@techcity.co.zw,,Small Chips,,1,1.0,1.0,10.5,1.58,10.5,0.0,solid-cash,False
67714,66076,2025-08-21,faith@techcity.co.zw,,1/4 Chicken,,2,3.0,6.0,10.5,1.58,10.5,0.0,solid-cash,False
67714,66076,2025-08-21,faith@techcity.co.zw,Beef Stew & Rice,,,1,2.0,2.0,10.5,1.58,10.5,0.0,solid-cash,False
67714,66076,2025-08-21,faith@techcity.co.zw,,Beef Stew,,1,1.5,1.5,10.5,1.58,10.5,0.0,solid-cash,False
67715,66077,2025-08-21,faith@techcity.co.zw,,Tea,,1,0.5,0.5,0.5,0.08,0.5,0.0,solid-cash,False
67716,66078,2025-08-21,faith@techcity.co.zw,,,Pet,2,1.0,2.0,2.0,0.3,10.0,3.0,solid-cash,False
67717,66079,2025-08-21,faith@techcity.co.zw,,Small Chips,,2,1.0,2.0,2.0,0.3,2.0,0.0,solid-cash,False
67718,66080,2025-08-21,faith@techcity.co.zw,,Small Chips,,1,1.0,1.0,2.5,0.38,10.0,2.0,solid-cash,False
67718,66080,2025-08-21,faith@techcity.co.zw,,Beef Burger BB,,1,1.0,1.0,2.5,0.38,10.0,2.0,solid-cash,False
67718,66080,2025-08-21,faith@techcity.co.zw,,,Pepsi coke,1,0.5,0.5,2.5,0.38,10.0,2.0,solid-cash,False
67719,66081,2025-08-21,faith@techcity.co.zw,,Small Chips,,1,1.0,1.0,4.0,0.6,4.0,0.0,solid-cash,False
67719,66081,2025-08-21,faith@techcity.co.zw,,Beef Burger BB,,1,1.0,1.0,4.0,0.6,4.0,0.0,solid-cash,False
67719,66081,2025-08-21,faith@techcity.co.zw,Chicken Stew & Rice,,,1,2.0,2.0,4.0,0.6,4.0,0.0,solid-cash,False
67720,66082,2025-08-21,faith@techcity.co.zw,2 Piecer,,,1,4.5,4.5,8.0,1.2,8.0,0.0,solid-cash,False
67720,66082,2025-08-21,faith@techcity.co.zw,,Crumbed Small,,1,1.5,1.5,8.0,1.2,8.0,0.0,solid-cash,False
67720,66082,2025-08-21,faith@techcity.co.zw,,,Water,4,0.5,2.0,8.0,1.2,8.0,0.0,solid-cash,False
67721,66083,2025-08-21,faith@techcity.co.zw,,Beef Burger BB,,1,1.0,1.0,1.0,0.15,2.0,0.0,solid-cash,False
67722,66084,2025-08-21,faith@techcity.co.zw,Beef Stew & Rice,,,1,2.0,2.0,2.0,0.3,2.0,0.0,solid-cash,False
67723,66085,2025-08-21,faith@techcity.co.zw,,Beef Burger BB,,1,1.0,1.0,1.0,0.15,1.0,0.0,solid-cash,False
67724,66086,2025-08-21,faith@techcity.co.zw,,Small Chips,,1,1.0,1.0,1.0,0.15,1.0,0.0,solid-cash,False
67725,66087,2025-08-21,faith@techcity.co.zw,T-Bone & Sadza,,,1,3.0,3.0,3.0,0.45,3.0,0.0,solid-cash,False
67726,66088,2025-08-21,faith@techcity.co.zw,,Beef Burger BB,,1,1.0,1.0,1.0,0.15,1.0,0.0,solid-cash,False
67727,66089,2025-08-21,faith@techcity.co.zw,,Fish Stew 1 piece,,2,1.5,3.0,6.5,0.98,10.0,1.0,solid-cash,False
67727,66089,2025-08-21,faith@techcity.co.zw,,Plain Rice 50c,,1,0.5,0.5,6.5,0.98,10.0,1.0,solid-cash,False
67727,66089,2025-08-21,faith@techcity.co.zw,T-Bone & Rice,,,1,3.0,3.0,6.5,0.98,10.0,1.0,solid-cash,False
67728,66090,2025-08-21,faith@techcity.co.zw,Beef Stew & Sadza,,,2,2.0,4.0,4.0,0.6,10.0,1.0,solid-cash,False
67729,66091,2025-08-21,faith@techcity.co.zw,Chicken Roast & Rice,,,1,2.0,2.0,2.0,0.3,2.0,0.0,eco-cash,False
67730,66092,2025-08-21,faith@techcity.co.zw,,Small Chips,,1,1.0,1.0,1.0,0.15,1.0,0.0,solid-cash,False
67731,66093,2025-08-21,faith@techcity.co.zw,,Fish Stew 1 piece,,1,1.5,1.5,2.0,0.3,2.0,0.0,solid-cash,False
67731,66093,2025-08-21,faith@techcity.co.zw,,Sadza,,1,0.5,0.5,2.0,0.3,2.0,0.0,solid-cash,False
67732,66094,2025-08-21,faith@techcity.co.zw,,Small Chips,,1,1.0,1.0,1.0,0.15,1.0,0.0,solid-cash,False
67733,66095,2025-08-21,faith@techcity.co.zw,,Spaghetti Bolognese,,1,2.0,2.0,4.0,0.6,4.0,0.0,solid-cash,False
67733,66095,2025-08-21,faith@techcity.co.zw,,Small Chips,,1,1.0,1.0,4.0,0.6,4.0,0.0,solid-cash,False
67733,66095,2025-08-21,faith@techcity.co.zw,,Beef Burger BB,,1,1.0,1.0,4.0,0.6,4.0,0.0,solid-cash,False
67734,66096,2025-08-21,faith@techcity.co.zw,,Beef Burger BB,,1,1.0,1.0,3.0,0.45,3.0,0.0,eco-cash,False
67734,66096,2025-08-21,faith@techcity.co.zw,Beef Stew & Sadza,,,1,2.0,2.0,3.0,0.45,3.0,0.0,eco-cash,False
67735,66097,2025-08-21,faith@techcity.co.zw,,Double Burger,,2,2.0,4.0,8.0,1.2,50.0,2.0,solid-cash,False
67735,66097,2025-08-21,faith@techcity.co.zw,,Small Chips,,2,1.0,2.0,8.0,1.2,50.0,2.0,solid-cash,False
67735,66097,2025-08-21,faith@techcity.co.zw,,,Pet,2,1.0,2.0,8.0,1.2,50.0,2.0,solid-cash,False
67736,66098,2025-08-21,faith@techcity.co.zw,Goat Meat & Rice,,,1,2.0,2.0,4.0,0.6,5.0,1.0,solid-cash,False
67736,66098,2025-08-21,faith@techcity.co.zw,Beef Stew & Rice,,,1,2.0,2.0,4.0,0.6,5.0,1.0,solid-cash,False
67737,66099,2025-08-21,faith@techcity.co.zw,,Beef Burger BB,,2,1.0,2.0,2.0,0.3,10.0,3.0,solid-cash,False
67738,66100,2025-08-21,faith@techcity.co.zw,,Small Chips,,2,1.0,2.0,2.0,0.3,20.0,3.0,solid-cash,False
67739,66101,2025-08-21,faith@techcity.co.zw,Beef Stew & Spaghetti,,,1,2.5,2.5,8.0,1.2,13.0,0.0,solid-cash,False
67739,66101,2025-08-21,faith@techcity.co.zw,,Fish Stew 1 piece,,2,1.5,3.0,8.0,1.2,13.0,0.0,solid-cash,False
67739,66101,2025-08-21,faith@techcity.co.zw,,Plain Rice 50c,,1,0.5,0.5,8.0,1.2,13.0,0.0,solid-cash,False
67739,66101,2025-08-21,faith@techcity.co.zw,,,Fruta,1,1.0,1.0,8.0,1.2,13.0,0.0,solid-cash,False
67739,66101,2025-08-21,faith@techcity.co.zw,,,Pet,1,1.0,1.0,8.0,1.2,13.0,0.0,solid-cash,False
67740,66102,2025-08-21,faith@techcity.co.zw,,Beef Burger BB,,1,1.0,1.0,1.5,0.23,1.5,0.0,solid-cash,False
67740,66102,2025-08-21,faith@techcity.co.zw,,,Pepsi coke,1,0.5,0.5,1.5,0.23,1.5,0.0,solid-cash,False
67741,66103,2025-08-21,faith@techcity.co.zw,,Small Chips,,1,1.0,1.0,1.0,0.15,1.0,0.0,solid-cash,False
67742,66104,2025-08-21,faith@techcity.co.zw,Crumbed Chicken & Rice,,,1,2.5,2.5,2.5,0.38,5.0,0.5,solid-cash,False
67743,66105,2025-08-21,faith@techcity.co.zw,,Small Chips,,1,1.0,1.0,1.5,0.23,1.5,0.0,solid-cash,False
67743,66105,2025-08-21,faith@techcity.co.zw,,,Pepsi coke,1,0.5,0.5,1.5,0.23,1.5,0.0,solid-cash,False
67744,66106,2025-08-21,faith@techcity.co.zw,,Small Chips,,1,1.0,1.0,1.0,0.15,1.0,0.0,solid-cash,False
67745,66107,2025-08-21,faith@techcity.co.zw,,Small Chips,,1,1.0,1.0,1.5,0.23,1.5,0.0,eco-cash,False
67745,66107,2025-08-21,faith@techcity.co.zw,,Plain Rice 50c,,1,0.5,0.5,1.5,0.23,1.5,0.0,eco-cash,False
67746,66108,2025-08-21,faith@techcity.co.zw,,Spaghetti Bolognese,,1,2.0,2.0,2.0,0.3,10.0,8.0,solid-cash,False
67747,66109,2025-08-21,faith@techcity.co.zw,1/4 Chicken & Rice,,,1,3.5,3.5,5.0,0.75,5.0,0.0,solid-cash,False
67747,66109,2025-08-21,faith@techcity.co.zw,,,Water,1,0.5,0.5,5.0,0.75,5.0,0.0,solid-cash,False
67747,66109,2025-08-21,faith@techcity.co.zw,,Small Chips,,1,1.0,1.0,5.0,0.75,5.0,0.0,solid-cash,False
67748,66110,2025-08-21,faith@techcity.co.zw,,Beef Burger BB,,1,1.0,1.0,1.0,0.15,1.0,0.0,solid-cash,False
67749,66111,2025-08-21,faith@techcity.co.zw,Pork Stew & Spaghetti,,,1,2.5,2.5,3.0,0.45,3.0,0.0,solid-cash,False
67749,66111,2025-08-21,faith@techcity.co.zw,,Tea,,1,0.5,0.5,3.0,0.45,3.0,0.0,solid-cash,False
67750,66112,2025-08-21,faith@techcity.co.zw,Beef Stew & Sadza,,,1,2.0,2.0,2.0,0.3,2.0,0.0,solid-cash,False
67751,66113,2025-08-21,faith@techcity.co.zw,,Pork Chop (M),,1,3.0,3.0,4.0,0.6,4.0,0.0,solid-cash,False
67751,66113,2025-08-21,faith@techcity.co.zw,,Plain Rice 50c,,1,0.5,0.5,4.0,0.6,4.0,0.0,solid-cash,False
67751,66113,2025-08-21,faith@techcity.co.zw,,,Water,1,0.5,0.5,4.0,0.6,4.0,0.0,solid-cash,False
67752,66114,2025-08-21,faith@techcity.co.zw,Beef Stew & Sadza,,,1,2.0,2.0,2.0,0.3,5.0,3.0,solid-cash,False
67753,66115,2025-08-21,faith@techcity.co.zw,,Beef Burger BB,,1,1.0,1.0,1.0,0.15,1.0,0.0,solid-cash,False
67754,66116,2025-08-21,faith@techcity.co.zw,,Beef Burger BB,,2,1.0,2.0,16.5,2.48,16.5,0.0,solid-cash,False
67754,66116,2025-08-21,faith@techcity.co.zw,,Plain Coleslaw,,1,0.5,0.5,16.5,2.48,16.5,0.0,solid-cash,False
67754,66116,2025-08-21,faith@techcity.co.zw,Beef Stew & Rice,,,2,2.0,4.0,16.5,2.48,16.5,0.0,solid-cash,False
67754,66116,2025-08-21,faith@techcity.co.zw,,Small Chips,,1,1.0,1.0,16.5,2.48,16.5,0.0,solid-cash,False
67754,66116,2025-08-21,faith@techcity.co.zw,1/4 Chicken & Rice,,,2,3.5,7.0,16.5,2.48,16.5,0.0,solid-cash,False
67754,66116,2025-08-21,faith@techcity.co.zw,,,Pet,2,1.0,2.0,16.5,2.48,16.5,0.0,solid-cash,False
67755,66117,2025-08-21,faith@techcity.co.zw,,Beef Burger BB,,1,1.0,1.0,4.0,0.6,4.0,0.0,solid-cash,False
67755,66117,2025-08-21,faith@techcity.co.zw,,Small Chips,,1,1.0,1.0,4.0,0.6,4.0,0.0,solid-cash,False
67755,66117,2025-08-21,faith@techcity.co.zw,,,Pet,2,1.0,2.0,4.0,0.6,4.0,0.0,solid-cash,False
67756,66118,2025-08-21,faith@techcity.co.zw,1/4 Chicken & Chips,,,1,4.0,4.0,11.5,1.73,11.5,0.0,solid-cash,False
67756,66118,2025-08-21,faith@techcity.co.zw,T-Bone & Chips,,,1,3.5,3.5,11.5,1.73,11.5,0.0,solid-cash,False
67756,66118,2025-08-21,faith@techcity.co.zw,,Beef Burger BB,,2,1.0,2.0,11.5,1.73,11.5,0.0,solid-cash,False
67756,66118,2025-08-21,faith@techcity.co.zw,Chicken Stew & Rice,,,1,2.0,2.0,11.5,1.73,11.5,0.0,solid-cash,False
67757,66119,2025-08-21,faith@techcity.co.zw,,Rice neDovi,,1,1.0,1.0,2.5,0.38,5.0,2.5,solid-cash,False
67757,66119,2025-08-21,faith@techcity.co.zw,,Beef Stew,,1,1.5,1.5,2.5,0.38,5.0,2.5,solid-cash,False
67758,66120,2025-08-21,faith@techcity.co.zw,Chicken Roast & Rice,,,1,2.0,2.0,2.0,0.3,5.0,3.0,solid-cash,False
67759,66121,2025-08-21,faith@techcity.co.zw,,Small Chips,,1,1.0,1.0,1.0,0.15,1.0,0.0,solid-cash,False
67760,66122,2025-08-21,faith@techcity.co.zw,,Beef Burger BB,,2,1.0,2.0,5.0,0.75,5.0,0.0,solid-cash,False
67760,66122,2025-08-21,faith@techcity.co.zw,,Small Chips,,2,1.0,2.0,5.0,0.75,5.0,0.0,solid-cash,False
67760,66122,2025-08-21,faith@techcity.co.zw,,,Pepsi coke,2,0.5,1.0,5.0,0.75,5.0,0.0,solid-cash,False
67761,66123,2025-08-21,faith@techcity.co.zw,,Plain Coleslaw,,1,0.5,0.5,1.0,0.15,1.0,0.0,solid-cash,False
67761,66123,2025-08-21,faith@techcity.co.zw,,Soup,,1,0.5,0.5,1.0,0.15,1.0,0.0,solid-cash,False
67762,66124,2025-08-21,faith@techcity.co.zw,,Beef Burger BB,,1,1.0,1.0,1.0,0.15,5.0,3.0,solid-cash,False
67763,66125,2025-08-21,faith@techcity.co.zw,,Medium Chips,,1,2.0,2.0,6.0,0.9,6.0,0.0,solid-cash,False
67763,66125,2025-08-21,faith@techcity.co.zw,,Beef Burger BB,,2,1.0,2.0,6.0,0.9,6.0,0.0,solid-cash,False
67763,66125,2025-08-21,faith@techcity.co.zw,,Small Chips,,2,1.0,2.0,6.0,0.9,6.0,0.0,solid-cash,False
67764,66126,2025-08-21,faith@techcity.co.zw,,Hot Dog,,1,1.0,1.0,2.0,0.3,2.0,0.0,solid-cash,False
67764,66126,2025-08-21,faith@techcity.co.zw,,Small Chips,,1,1.0,1.0,2.0,0.3,2.0,0.0,solid-cash,False
67765,66127,2025-08-21,faith@techcity.co.zw,,Small Chips,,2,1.0,2.0,2.0,0.3,2.0,0.0,solid-cash,False
67766,66128,2025-08-21,faith@techcity.co.zw,,Pork Stew,,2,1.5,3.0,8.0,1.2,8.0,0.0,solid-cash,False
67766,66128,2025-08-21,faith@techcity.co.zw,,Spaghetti Bolognese,,2,2.0,4.0,8.0,1.2,8.0,0.0,solid-cash,False
67766,66128,2025-08-21,faith@techcity.co.zw,,,Pet,1,1.0,1.0,8.0,1.2,8.0,0.0,solid-cash,False
67767,66129,2025-08-21,faith@techcity.co.zw,,Beef Burger BB,,1,1.0,1.0,1.0,0.15,5.0,4.0,solid-cash,False
67768,66130,2025-08-21,faith@techcity.co.zw,,Beef Burger BB,,1,1.0,1.0,7.0,1.05,7.0,0.0,solid-cash,False
67768,66130,2025-08-21,faith@techcity.co.zw,,Small Chips,,2,1.0,2.0,7.0,1.05,7.0,0.0,solid-cash,False
67768,66130,2025-08-21,faith@techcity.co.zw,1/4 Chicken & Rice,,,1,3.5,3.5,7.0,1.05,7.0,0.0,solid-cash,False
67768,66130,2025-08-21,faith@techcity.co.zw,,,Pepsi coke,1,0.5,0.5,7.0,1.05,7.0,0.0,solid-cash,False
67769,66131,2025-08-21,faith@techcity.co.zw,,Beef Burger BB,,1,1.0,1.0,2.0,0.3,10.0,8.0,solid-cash,False
67769,66131,2025-08-21,faith@techcity.co.zw,,Spaghetti,,1,1.0,1.0,2.0,0.3,10.0,8.0,solid-cash,False
67770,66132,2025-08-21,faith@techcity.co.zw,,Beef Burger BB,,1,1.0,1.0,1.0,0.15,1.0,0.0,eco-cash,False
67771,66133,2025-08-21,faith@techcity.co.zw,Pork Stew & Rice,,,1,2.0,2.0,2.0,0.3,10.0,8.0,solid-cash,False
67772,66134,2025-08-21,faith@techcity.co.zw,,Small Chips,,2,1.0,2.0,2.0,0.3,5.0,3.0,solid-cash,False
67773,66135,2025-08-21,faith@techcity.co.zw,,Spaghetti Bolognese,,1,2.0,2.0,2.0,0.3,2.0,0.0,solid-cash,False
67774,66136,2025-08-21,faith@techcity.co.zw,,Beef Burger BB,,2,1.0,2.0,2.0,0.3,2.0,0.0,solid-cash,False
67775,66137,2025-08-21,faith@techcity.co.zw,,Beef Burger BB,,1,1.0,1.0,2.0,0.3,5.0,3.0,solid-cash,False
67775,66137,2025-08-21,faith@techcity.co.zw,,Small Chips,,1,1.0,1.0,2.0,0.3,5.0,3.0,solid-cash,False
67776,66138,2025-08-21,faith@techcity.co.zw,Beef Stew & Rice,,,1,2.0,2.0,3.0,0.45,3.0,0.0,solid-cash,False
67776,66138,2025-08-21,faith@techcity.co.zw,,,Fruta,1,1.0,1.0,3.0,0.45,3.0,0.0,solid-cash,False
67777,66139,2025-08-21,faith@techcity.co.zw,Goat Meat & Sadza,,,1,2.0,2.0,4.0,0.6,4.0,0.0,solid-cash,False
67777,66139,2025-08-21,faith@techcity.co.zw,Beef Stew & Sadza,,,1,2.0,2.0,4.0,0.6,4.0,0.0,solid-cash,False
67778,66140,2025-08-21,faith@techcity.co.zw,,Shwarma,,1,3.0,3.0,3.0,0.45,3.0,0.0,solid-cash,False
67779,66141,2025-08-21,faith@techcity.co.zw,Chicken Stew & Sadza,,,1,2.0,2.0,2.0,0.3,2.0,0.0,solid-cash,False
67780,66142,2025-08-21,faith@techcity.co.zw,Beef Stew & Rice,,,2,2.0,4.0,4.0,0.6,50.0,0.0,solid-cash,False
67781,66143,2025-08-21,faith@techcity.co.zw,,,Pepsi coke,1,0.5,0.5,2.5,0.38,5.5,0.0,solid-cash,False
67781,66143,2025-08-21,faith@techcity.co.zw,,Beef Burger BB,,1,1.0,1.0,2.5,0.38,5.5,0.0,solid-cash,False
67781,66143,2025-08-21,faith@techcity.co.zw,,Small Chips,,1,1.0,1.0,2.5,0.38,5.5,0.0,solid-cash,False
67782,66144,2025-08-21,faith@techcity.co.zw,,Beef Burger BB,,1,1.0,1.0,2.5,0.38,2.5,0.0,solid-cash,False
67782,66144,2025-08-21,faith@techcity.co.zw,,Small Chips,,1,1.0,1.0,2.5,0.38,2.5,0.0,solid-cash,False
67782,66144,2025-08-21,faith@techcity.co.zw,,,Pepsi coke,1,0.5,0.5,2.5,0.38,2.5,0.0,solid-cash,False
67783,66145,2025-08-21,faith@techcity.co.zw,Chicken Roast & Rice,,,2,2.0,4.0,4.0,0.6,4.0,0.0,solid-cash,False
67784,66146,2025-08-21,faith@techcity.co.zw,Goat Meat & Rice,,,1,2.0,2.0,2.0,0.3,2.0,0.0,solid-cash,False
67785,66147,2025-08-21,faith@techcity.co.zw,Beef Stew & Sadza,,,2,2.0,4.0,14.0,2.1,14.0,0.0,solid-cash,False
67785,66147,2025-08-21,faith@techcity.co.zw,Chicken Roast & Sadza,,,1,2.0,2.0,14.0,2.1,14.0,0.0,solid-cash,False
67785,66147,2025-08-21,faith@techcity.co.zw,,Beef Burger BB,,3,1.0,3.0,14.0,2.1,14.0,0.0,solid-cash,False
67785,66147,2025-08-21,faith@techcity.co.zw,Chicken Stew & Rice,,,1,2.0,2.0,14.0,2.1,14.0,0.0,solid-cash,False
67785,66147,2025-08-21,faith@techcity.co.zw,Chicken Roast & Rice,,,1,2.0,2.0,14.0,2.1,14.0,0.0,solid-cash,False
67785,66147,2025-08-21,faith@techcity.co.zw,,Small Chips,,1,1.0,1.0,14.0,2.1,14.0,0.0,solid-cash,False
67786,66148,2025-08-21,faith@techcity.co.zw,,,Water,1,0.5,0.5,0.5,0.08,0.5,0.0,solid-cash,False
67787,66149,2025-08-21,faith@techcity.co.zw,,Small Chips,,2,1.0,2.0,5.0,0.75,5.0,0.0,solid-cash,False
67787,66149,2025-08-21,faith@techcity.co.zw,,Beef Burger BB,,1,1.0,1.0,5.0,0.75,5.0,0.0,solid-cash,False
67787,66149,2025-08-21,faith@techcity.co.zw,,Chicken Burger,,1,2.0,2.0,5.0,0.75,5.0,0.0,solid-cash,False
67788,66150,2025-08-21,faith@techcity.co.zw,,Beef Burger BB,,1,1.0,1.0,3.0,0.45,10.0,2.0,solid-cash,False
67788,66150,2025-08-21,faith@techcity.co.zw,,Small Chips,,2,1.0,2.0,3.0,0.45,10.0,2.0,solid-cash,False
67789,66151,2025-08-21,faith@techcity.co.zw,,Small Chips,,1,1.0,1.0,1.0,0.15,1.0,0.0,solid-cash,False
67790,66152,2025-08-21,faith@techcity.co.zw,Goat Meat & Sadza,,,1,2.0,2.0,2.0,0.3,10.0,3.0,solid-cash,False
67791,66153,2025-08-21,faith@techcity.co.zw,,Beef Burger BB,,2,1.0,2.0,4.0,0.6,5.0,1.0,solid-cash,False
67791,66153,2025-08-21,faith@techcity.co.zw,,Small Chips,,2,1.0,2.0,4.0,0.6,5.0,1.0,solid-cash,False
67792,66154,2025-08-21,faith@techcity.co.zw,Beef Stew & Sadza,,,1,2.0,2.0,4.0,0.6,10.0,1.0,solid-cash,False
67792,66154,2025-08-21,faith@techcity.co.zw,,Medium Chips,,1,2.0,2.0,4.0,0.6,10.0,1.0,solid-cash,False
67793,66155,2025-08-21,faith@techcity.co.zw,Goat Meat & Sadza,,,1,2.0,2.0,2.0,0.3,10.0,3.0,solid-cash,False
67794,66156,2025-08-21,faith@techcity.co.zw,,Beef Burger BB,,1,1.0,1.0,2.0,0.3,2.0,0.0,solid-cash,False
67794,66156,2025-08-21,faith@techcity.co.zw,,Small Chips,,1,1.0,1.0,2.0,0.3,2.0,0.0,solid-cash,False
67795,66157,2025-08-21,faith@techcity.co.zw,Beef Stew & Rice,,,1,2.0,2.0,2.0,0.3,2.0,0.0,solid-cash,False
67796,66158,2025-08-21,faith@techcity.co.zw,,Small Chips,,1,1.0,1.0,2.0,0.3,2.0,0.0,solid-cash,False
67796,66158,2025-08-21,faith@techcity.co.zw,,,Pet,1,1.0,1.0,2.0,0.3,2.0,0.0,solid-cash,False
67797,66159,2025-08-21,faith@techcity.co.zw,Chicken Roast & Rice,,,1,2.0,2.0,4.0,0.6,4.0,0.0,solid-cash,False
67797,66159,2025-08-21,faith@techcity.co.zw,,Beef Burger BB,,1,1.0,1.0,4.0,0.6,4.0,0.0,solid-cash,False
67797,66159,2025-08-21,faith@techcity.co.zw,,Small Chips,,1,1.0,1.0,4.0,0.6,4.0,0.0,solid-cash,False
67798,66160,2025-08-21,faith@techcity.co.zw,,Fish Stew 1 piece,,6,1.5,9.0,15.0,2.25,15.0,0.0,solid-cash,False
67798,66160,2025-08-21,faith@techcity.co.zw,,Plain Rice 50c,,1,0.5,0.5,15.0,2.25,15.0,0.0,solid-cash,False
67798,66160,2025-08-21,faith@techcity.co.zw,,Spaghetti Bolognese,,1,2.0,2.0,15.0,2.25,15.0,0.0,solid-cash,False
67798,66160,2025-08-21,faith@techcity.co.zw,,Rice neDovi,,1,1.0,1.0,15.0,2.25,15.0,0.0,solid-cash,False
67798,66160,2025-08-21,faith@techcity.co.zw,,Sadza,,1,0.5,0.5,15.0,2.25,15.0,0.0,solid-cash,False
67798,66160,2025-08-21,faith@techcity.co.zw,Chicken Roast & Sadza,,,1,2.0,2.0,15.0,2.25,15.0,0.0,solid-cash,False
67799,66161,2025-08-21,faith@techcity.co.zw,,Small Chips,,1,1.0,1.0,1.0,0.15,1.0,0.0,solid-cash,False
67800,66162,2025-08-21,faith@techcity.co.zw,Crumbed Chicken & Chips,,,1,3.0,3.0,3.0,0.45,5.0,2.0,solid-cash,False
67801,66163,2025-08-21,faith@techcity.co.zw,,,Pet,2,1.0,2.0,2.0,0.3,2.0,0.0,solid-cash,False
67802,66164,2025-08-21,faith@techcity.co.zw,,Beef Burger BB,,2,1.0,2.0,8.0,1.2,8.0,0.0,solid-cash,False
67802,66164,2025-08-21,faith@techcity.co.zw,Chicken Roast & Sadza,,,1,2.0,2.0,8.0,1.2,8.0,0.0,solid-cash,False
67802,66164,2025-08-21,faith@techcity.co.zw,,Pork Chop (M),,1,3.0,3.0,8.0,1.2,8.0,0.0,solid-cash,False
67802,66164,2025-08-21,faith@techcity.co.zw,,Plain Rice 50c,,1,0.5,0.5,8.0,1.2,8.0,0.0,solid-cash,False
67802,66164,2025-08-21,faith@techcity.co.zw,,,Water,1,0.5,0.5,8.0,1.2,8.0,0.0,solid-cash,False
67803,66165,2025-08-21,faith@techcity.co.zw,,Beef Burger BB,,1,1.0,1.0,1.0,0.15,1.0,0.0,solid-cash,False
67804,66166,2025-08-21,faith@techcity.co.zw,,Small Chips,,1,1.0,1.0,5.5,0.83,5.5,0.0,solid-cash,False
67804,66166,2025-08-21,faith@techcity.co.zw,Chicken Stew & Sadza,,,1,2.0,2.0,5.5,0.83,5.5,0.0,solid-cash,False
67804,66166,2025-08-21,faith@techcity.co.zw,,Plain Rice ($),,1,1.0,1.0,5.5,0.83,5.5,0.0,solid-cash,False
67804,66166,2025-08-21,faith@techcity.co.zw,,Roast Chicken,,1,1.5,1.5,5.5,0.83,5.5,0.0,solid-cash,False
67805,66167,2025-08-21,faith@techcity.co.zw,,Pork Chop (M),,1,3.0,3.0,4.0,0.6,4.0,0.0,solid-cash,False
67805,66167,2025-08-21,faith@techcity.co.zw,,Small Chips,,1,1.0,1.0,4.0,0.6,4.0,0.0,solid-cash,False
67806,66168,2025-08-21,faith@techcity.co.zw,Chicken Stew & Rice,,,1,2.0,2.0,2.5,0.38,2.5,0.0,solid-cash,False
67806,66168,2025-08-21,faith@techcity.co.zw,,Tea,,1,0.5,0.5,2.5,0.38,2.5,0.0,solid-cash,False
67807,66169,2025-08-21,faith@techcity.co.zw,Crumbed Chicken & Chips,,,1,3.0,3.0,4.0,0.6,4.0,0.0,solid-cash,False
67807,66169,2025-08-21,faith@techcity.co.zw,,,Pet,1,1.0,1.0,4.0,0.6,4.0,0.0,solid-cash,False
67808,66170,2025-08-21,faith@techcity.co.zw,,Fish Stew 1 piece,,2,1.5,3.0,3.5,0.53,3.5,0.0,solid-cash,False
67808,66170,2025-08-21,faith@techcity.co.zw,,Sadza,,1,0.5,0.5,3.5,0.53,3.5,0.0,solid-cash,False
67809,66171,2025-08-21,faith@techcity.co.zw,,Beef Burger BB,,2,1.0,2.0,2.0,0.3,2.0,0.0,solid-cash,False
67810,66172,2025-08-21,faith@techcity.co.zw,,Beef Burger BB,,1,1.0,1.0,2.0,0.3,5.0,3.0,solid-cash,False
67810,66172,2025-08-21,faith@techcity.co.zw,,Hot Dog,,1,1.0,1.0,2.0,0.3,5.0,3.0,solid-cash,False
67811,66173,2025-08-21,faith@techcity.co.zw,,Beef Burger BB,,1,1.0,1.0,2.0,0.3,10.0,8.0,solid-cash,False
67811,66173,2025-08-21,faith@techcity.co.zw,,Small Chips,,1,1.0,1.0,2.0,0.3,10.0,8.0,solid-cash,False
67812,66174,2025-08-21,faith@techcity.co.zw,,Beef Burger BB,,2,1.0,2.0,4.0,0.6,4.0,0.0,solid-cash,False
67812,66174,2025-08-21,faith@techcity.co.zw,,Small Chips,,2,1.0,2.0,4.0,0.6,4.0,0.0,solid-cash,False
67813,66175,2025-08-21,faith@techcity.co.zw,,Beef Burger BB,,3,1.0,3.0,5.0,0.75,5.0,0.0,eco-cash,False
67813,66175,2025-08-21,faith@techcity.co.zw,,Small Chips,,2,1.0,2.0,5.0,0.75,5.0,0.0,eco-cash,False
67814,66176,2025-08-21,faith@techcity.co.zw,,Small Chips,,1,1.0,1.0,1.0,0.15,1.0,0.0,solid-cash,False
67815,66177,2025-08-21,faith@techcity.co.zw,,Beef Burger BB,,1,1.0,1.0,2.0,0.3,10.0,3.0,solid-cash,False
67815,66177,2025-08-21,faith@techcity.co.zw,,Small Chips,,1,1.0,1.0,2.0,0.3,10.0,3.0,solid-cash,False
67816,66178,2025-08-21,faith@techcity.co.zw,,Small Chips,,1,1.0,1.0,1.0,0.15,1.0,0.0,solid-cash,False
67817,66179,2025-08-21,faith@techcity.co.zw,,Small Chips,,1,1.0,1.0,1.0,0.15,1.0,0.0,solid-cash,False
67818,66180,2025-08-21,faith@techcity.co.zw,,Beef Burger BB,,1,1.0,1.0,1.0,0.15,1.0,0.0,solid-cash,False
67819,66181,2025-08-21,faith@techcity.co.zw,,Beef Burger BB,,1,1.0,1.0,2.0,0.3,10.0,3.0,solid-cash,False
67819,66181,2025-08-21,faith@techcity.co.zw,,Small Chips,,1,1.0,1.0,2.0,0.3,10.0,3.0,solid-cash,False
